"","Family_name","depth","abundance"
"1","JTB255_marine_benthic_group","AB_1.5",6.796013781
"2","Flavobacteriaceae","AB_1.5",6.755014185
"3","Planctomycetaceae","AB_1.5",5.961473605
"4","Family_Incertae_Sedis, Gammaproteobacteria","AB_1.5",5.407979051
"5","BD7-8_marine_group_unclassified","AB_1.5",4.571455023
"6","Gammaproteobacteria_unclassified","AB_1.5",4.226926154
"7","Sva1033","AB_1.5",3.926703302
"8","Desulfobulbaceae","AB_1.5",3.228387592
"9","Unknown_Family, Gammaproteobacteria","AB_1.5",3.135146574
"10","Bacteria_unclassified","AB_1.5",3.032647582
"11","Halieaceae","AB_1.5",2.547926545
"12","WCHB1-41_unclassified","AB_1.5",2.167027066
"13","Verrucomicrobiaceae","AB_1.5",2.123382334
"14","OM190_unclassified","AB_1.5",1.580468321
"15","Sh765B-TzT-29_unclassified","AB_1.5",1.46937264
"16","Flammeovirgaceae","AB_1.5",1.458792099
"17","Colwelliaceae","AB_1.5",1.458792099
"18","Rhodobacteraceae","AB_1.5",1.227342763
"19","Puniceicoccaceae","AB_1.5",1.157907963
"20","Spongiibacteraceae","AB_1.5",1.069957215
"21","DEV007","AB_1.5",1.062021809
"22","Psychromonadaceae","AB_1.5",1.03094147
"23","Anaerolineaceae","AB_1.5",1.018377077
"24","Alcanivoracaceae","AB_1.5",1.009119104
"25","Phycisphaerae_unclassified","AB_1.5",0.996554711
"26","Saprospiraceae","AB_1.5",0.893394436
"27","Alphaproteobacteria_unclassified","AB_1.5",0.85768511
"28","Lentisphaerae_unclassified","AB_1.5",0.84379815
"29","Proteobacteria_unclassified","AB_1.5",0.837846595
"30","Latescibacteria_unclassified","AB_1.5",0.825282203
"31","JTB255_marine_benthic_group","AB_2.5",6.367403964
"32","Flavobacteriaceae","AB_2.5",9.187447168
"33","Planctomycetaceae","AB_2.5",3.89957265
"34","Family_Incertae_Sedis, Gammaproteobacteria","AB_2.5",6.248238941
"35","BD7-8_marine_group_unclassified","AB_2.5",2.574081901
"36","Gammaproteobacteria_unclassified","AB_2.5",2.454916878
"37","Sva1033","AB_2.5",6.109702264
"38","Desulfobulbaceae","AB_2.5",4.845261576
"39","Unknown_Family, Gammaproteobacteria","AB_2.5",1.655982906
"40","Bacteria_unclassified","AB_2.5",3.99349582
"41","Halieaceae","AB_2.5",2.934512069
"42","WCHB1-41_unclassified","AB_2.5",4.170188786
"43","Verrucomicrobiaceae","AB_2.5",1.014370245
"44","OM190_unclassified","AB_2.5",1.027284681
"45","Sh765B-TzT-29_unclassified","AB_2.5",1.107706396
"46","Flammeovirgaceae","AB_2.5",1.486334179
"47","Colwelliaceae","AB_2.5",1.112989575
"48","Rhodobacteraceae","AB_2.5",0.794237813
"49","Puniceicoccaceae","AB_2.5",0.872898469
"50","Psychromonadaceae","AB_2.5",1.125904011
"51","Anaerolineaceae","AB_2.5",1.098314079
"52","Phycisphaerae_unclassified","AB_2.5",1.947144736
"53","Lentisphaerae_unclassified","AB_2.5",1.263853668
"54","Proteobacteria_unclassified","AB_2.5",0.850591716
"55","Latescibacteria_unclassified","AB_2.5",0.986780314
"56","R76-B128_unclassified","AB_2.5",1.189302151
"57","Bacteroidetes_BD2-2_unclassified","AB_2.5",1.38654081
"58","Desulfobacteraceae","AB_2.5",1.283225322
"59","Woesearchaeota_(DHVEG-6)_unclassified","AB_2.5",1.092443881
"60","Archaea_unclassified","AB_2.5",0.983845215
"61","JTB255_marine_benthic_group","AB_3.5",8.271427643
"62","Flavobacteriaceae","AB_3.5",7.218292171
"63","Planctomycetaceae","AB_3.5",4.365016045
"64","Family_Incertae_Sedis, Gammaproteobacteria","AB_3.5",6.089510605
"65","BD7-8_marine_group_unclassified","AB_3.5",1.831462865
"66","Gammaproteobacteria_unclassified","AB_3.5",1.858648181
"67","Sva1033","AB_3.5",5.411059695
"68","Desulfobulbaceae","AB_3.5",6.870792925
"69","Unknown_Family, Gammaproteobacteria","AB_3.5",1.582658133
"70","Bacteria_unclassified","AB_3.5",3.501586795
"71","Halieaceae","AB_3.5",3.306561708
"72","WCHB1-41_unclassified","AB_3.5",5.595447051
"73","Verrucomicrobiaceae","AB_3.5",0.788965126
"74","OM190_unclassified","AB_3.5",0.820287337
"75","Sh765B-TzT-29_unclassified","AB_3.5",1.330898475
"76","Flammeovirgaceae","AB_3.5",1.212701452
"77","Rhodobacteraceae","AB_3.5",0.815559456
"78","Psychromonadaceae","AB_3.5",1.012948484
"79","Anaerolineaceae","AB_3.5",1.416591316
"80","Phycisphaerae_unclassified","AB_3.5",1.898835168
"81","Lentisphaerae_unclassified","AB_3.5",1.258207306
"82","Proteobacteria_unclassified","AB_3.5",0.937302389
"83","Latescibacteria_unclassified","AB_3.5",1.560200699
"84","R76-B128_unclassified","AB_3.5",1.258798291
"85","Bacteroidetes_BD2-2_unclassified","AB_3.5",1.772364354
"86","Subgroup_22_unclassified","AB_3.5",0.804330739
"87","Desulfobacteraceae","AB_3.5",2.251062296
"88","Woesearchaeota_(DHVEG-6)_unclassified","AB_3.5",0.790147096
"89","Sandaracinaceae","AB_3.5",0.75705193
"90","MSBL9_unclassified","AB_3.5",0.820287337
"91","JTB255_marine_benthic_group","AB_4.5",7.206733934
"92","Flavobacteriaceae","AB_4.5",6.483343297
"93","Planctomycetaceae","AB_4.5",3.052974174
"94","Family_Incertae_Sedis, Gammaproteobacteria","AB_4.5",5.716476762
"95","BD7-8_marine_group_unclassified","AB_4.5",1.682879554
"96","Gammaproteobacteria_unclassified","AB_4.5",0.992699672
"97","Sva1033","AB_4.5",3.749796207
"98","Desulfobulbaceae","AB_4.5",8.611850805
"99","Unknown_Family, Gammaproteobacteria","AB_4.5",1.928035312
"100","Bacteria_unclassified","AB_4.5",3.944230084
"101","Halieaceae","AB_4.5",3.377835746
"102","WCHB1-41_unclassified","AB_4.5",4.00280178
"103","Verrucomicrobiaceae","AB_4.5",0.81577692
"104","OM190_unclassified","AB_4.5",0.83147655
"105","Sh765B-TzT-29_unclassified","AB_4.5",1.537959893
"106","Flammeovirgaceae","AB_4.5",1.0234951
"107","Rhodobacteraceae","AB_4.5",0.720975309
"108","Anaerolineaceae","AB_4.5",1.679860394
"109","Phycisphaerae_unclassified","AB_4.5",2.721470451
"110","Lentisphaerae_unclassified","AB_4.5",1.068178662
"111","Proteobacteria_unclassified","AB_4.5",1.129769517
"112","Latescibacteria_unclassified","AB_4.5",1.205852339
"113","R76-B128_unclassified","AB_4.5",1.207663835
"114","Bacteroidetes_BD2-2_unclassified","AB_4.5",2.138168819
"115","OM1_clade","AB_4.5",0.780150837
"116","Desulfobacteraceae","AB_4.5",2.998629302
"117","Woesearchaeota_(DHVEG-6)_unclassified","AB_4.5",1.671406747
"118","Sandaracinaceae","AB_4.5",0.838722533
"119","Archaea_unclassified","AB_4.5",1.133392509
"120","MSBL9_unclassified","AB_4.5",1.147280643
"121","JTB255_marine_benthic_group","AB_5.5",8.63022748
"122","Flavobacteriaceae","AB_5.5",4.519850935
"123","Planctomycetaceae","AB_5.5",3.723090422
"124","Family_Incertae_Sedis, Gammaproteobacteria","AB_5.5",4.928316768
"125","BD7-8_marine_group_unclassified","AB_5.5",2.207228332
"126","Gammaproteobacteria_unclassified","AB_5.5",0.8613082
"127","Sva1033","AB_5.5",3.643414371
"128","Desulfobulbaceae","AB_5.5",6.981235786
"129","Unknown_Family, Gammaproteobacteria","AB_5.5",2.116458147
"130","Bacteria_unclassified","AB_5.5",3.978759777
"131","Halieaceae","AB_5.5",3.160315275
"132","WCHB1-41_unclassified","AB_5.5",3.028698507
"133","Verrucomicrobiaceae","AB_5.5",0.919300263
"134","OM190_unclassified","AB_5.5",1.090250778
"135","Sh765B-TzT-29_unclassified","AB_5.5",1.929874989
"136","Flammeovirgaceae","AB_5.5",1.237500189
"137","Rhodobacteraceae","AB_5.5",0.841137048
"138","Anaerolineaceae","AB_5.5",1.828010671
"139","Phycisphaerae_unclassified","AB_5.5",2.576360418
"140","Lentisphaerae_unclassified","AB_5.5",0.994437805
"141","Proteobacteria_unclassified","AB_5.5",1.320201913
"142","Latescibacteria_unclassified","AB_5.5",1.489135313
"143","R76-B128_unclassified","AB_5.5",1.202200673
"144","Bacteroidetes_BD2-2_unclassified","AB_5.5",2.266228953
"145","Desulfobacteraceae","AB_5.5",2.726635502
"146","Woesearchaeota_(DHVEG-6)_unclassified","AB_5.5",2.059474642
"147","Sandaracinaceae","AB_5.5",0.992924968
"148","Archaea_unclassified","AB_5.5",1.377185418
"149","MSBL9_unclassified","AB_5.5",1.546118818
"150","ODP1230B30.02_sediment_group","AB_5.5",1.032762994
"151","JTB255_marine_benthic_group","AB_6.5",7.499133649
"152","Flavobacteriaceae","AB_6.5",3.635439529
"153","Planctomycetaceae","AB_6.5",3.688575719
"154","Family_Incertae_Sedis, Gammaproteobacteria","AB_6.5",5.352431558
"155","BD7-8_marine_group_unclassified","AB_6.5",1.494744138
"156","Gammaproteobacteria_unclassified","AB_6.5",0.91579069
"157","Sva1033","AB_6.5",4.125216588
"158","Desulfobulbaceae","AB_6.5",8.486542682
"159","Unknown_Family, Gammaproteobacteria","AB_6.5",1.426360171
"160","Bacteria_unclassified","AB_6.5",4.026337068
"161","Halieaceae","AB_6.5",2.906318586
"162","WCHB1-41_unclassified","AB_6.5",2.050594894
"163","OM190_unclassified","AB_6.5",0.804897771
"164","Sh765B-TzT-29_unclassified","AB_6.5",1.742867044
"165","Flammeovirgaceae","AB_6.5",0.999884487
"166","Rhodobacteraceae","AB_6.5",0.709252628
"167","Anaerolineaceae","AB_6.5",3.666859189
"168","Phycisphaerae_unclassified","AB_6.5",1.393092295
"169","Lentisphaerae_unclassified","AB_6.5",0.840475915
"170","Proteobacteria_unclassified","AB_6.5",1.489661546
"171","Latescibacteria_unclassified","AB_6.5",1.954949752
"172","R76-B128_unclassified","AB_6.5",0.879750491
"173","Bacteroidetes_BD2-2_unclassified","AB_6.5",2.232644103
"174","OM1_clade","AB_6.5",1.034538524
"175","Desulfobacteraceae","AB_6.5",3.405336722
"176","Woesearchaeota_(DHVEG-6)_unclassified","AB_6.5",2.703476955
"177","Sandaracinaceae","AB_6.5",1.120018482
"178","Archaea_unclassified","AB_6.5",1.65553887
"179","MSBL9_unclassified","AB_6.5",1.449000809
"180","ODP1230B30.02_sediment_group","AB_6.5",0.874205845
"181","JTB255_marine_benthic_group","AB_7.6",7.579007469
"182","Flavobacteriaceae","AB_7.6",2.776834763
"183","Planctomycetaceae","AB_7.6",3.743596074
"184","Family_Incertae_Sedis, Gammaproteobacteria","AB_7.6",4.643231899
"185","BD7-8_marine_group_unclassified","AB_7.6",0.934355904
"186","Gammaproteobacteria_unclassified","AB_7.6",1.620270354
"187","Sva1033","AB_7.6",4.745077464
"188","Desulfobulbaceae","AB_7.6",10.82186285
"189","Unknown_Family, Gammaproteobacteria","AB_7.6",0.885747793
"190","Bacteria_unclassified","AB_7.6",4.566076168
"191","Halieaceae","AB_7.6",2.447379791
"192","WCHB1-41_unclassified","AB_7.6",1.720572804
"193","Sh765B-TzT-29_unclassified","AB_7.6",1.253009074
"194","Flammeovirgaceae","AB_7.6",1.134960805
"195","Anaerolineaceae","AB_7.6",4.247422999
"196","Phycisphaerae_unclassified","AB_7.6",1.509937658
"197","Lentisphaerae_unclassified","AB_7.6",0.700574039
"198","Proteobacteria_unclassified","AB_7.6",1.800814765
"199","Latescibacteria_unclassified","AB_7.6",2.512190606
"200","R76-B128_unclassified","AB_7.6",0.774643541
"201","Bacteroidetes_BD2-2_unclassified","AB_7.6",2.479013641
"202","Subgroup_22_unclassified","AB_7.6",0.785445343
"203","OM1_clade","AB_7.6",0.758440837
"204","Desulfobacteraceae","AB_7.6",4.586136658
"205","Woesearchaeota_(DHVEG-6)_unclassified","AB_7.6",1.959755571
"206","Sandaracinaceae","AB_7.6",1.06474909
"207","Archaea_unclassified","AB_7.6",0.998395161
"208","MSBL9_unclassified","AB_7.6",1.39188939
"209","ODP1230B30.02_sediment_group","AB_7.6",0.881890007
"210","Sva0485_unclassified","AB_7.6",0.944386149
"211","JTB255_marine_benthic_group","AB_8.5",5.398900581
"212","Flavobacteriaceae","AB_8.5",2.682121437
"213","Planctomycetaceae","AB_8.5",3.793093489
"214","Family_Incertae_Sedis, Gammaproteobacteria","AB_8.5",4.550749473
"215","BD7-8_marine_group_unclassified","AB_8.5",0.853927392
"216","Gammaproteobacteria_unclassified","AB_8.5",1.398823563
"217","Sva1033","AB_8.5",5.731036939
"218","Desulfobulbaceae","AB_8.5",13.29604421
"219","Bacteria_unclassified","AB_8.5",4.314884522
"220","Halieaceae","AB_8.5",2.234459388
"221","WCHB1-41_unclassified","AB_8.5",1.924465453
"222","Sh765B-TzT-29_unclassified","AB_8.5",1.220721458
"223","Flammeovirgaceae","AB_8.5",0.849113822
"224","Anaerolineaceae","AB_8.5",4.793353422
"225","Phycisphaerae_unclassified","AB_8.5",1.431555842
"226","Lentisphaerae_unclassified","AB_8.5",0.694116854
"227","Proteobacteria_unclassified","AB_8.5",1.733848064
"228","Latescibacteria_unclassified","AB_8.5",2.544453323
"229","Bacteroidetes_BD2-2_unclassified","AB_8.5",2.56274489
"230","Subgroup_22_unclassified","AB_8.5",0.686415142
"231","Desulfobacteraceae","AB_8.5",5.716596228
"232","Woesearchaeota_(DHVEG-6)_unclassified","AB_8.5",1.546118818
"233","Sandaracinaceae","AB_8.5",1.047432923
"234","Archaea_unclassified","AB_8.5",0.848151108
"235","MSBL9_unclassified","AB_8.5",1.350687859
"236","Helicobacteraceae","AB_8.5",0.703743995
"237","MSB-3A7_sediment_group_unclassified","AB_8.5",0.649832006
"238","ODP1230B30.02_sediment_group","AB_8.5",0.682564285
"239","Subgroup_23_unclassified","AB_8.5",0.699893139
"240","Sva0485_unclassified","AB_8.5",1.044544781
"241","JTB255_marine_benthic_group","AB_9.5",4.411358327
"242","Flavobacteriaceae","AB_9.5",2.028152974
"243","Planctomycetaceae","AB_9.5",4.451552935
"244","Family_Incertae_Sedis, Gammaproteobacteria","AB_9.5",4.064679825
"245","Gammaproteobacteria_unclassified","AB_9.5",1.335633358
"246","Sva1033","AB_9.5",5.140723001
"247","Desulfobulbaceae","AB_9.5",13.81187248
"248","Bacteria_unclassified","AB_9.5",4.675972835
"249","Halieaceae","AB_9.5",1.804570462
"250","WCHB1-41_unclassified","AB_9.5",1.561728033
"251","Sh765B-TzT-29_unclassified","AB_9.5",1.024962527
"252","Flammeovirgaceae","AB_9.5",0.775420997
"253","Anaerolineaceae","AB_9.5",5.89688408
"254","Phycisphaerae_unclassified","AB_9.5",1.76186369
"255","Lentisphaerae_unclassified","AB_9.5",0.637252029
"256","Proteobacteria_unclassified","AB_9.5",1.636255537
"257","Latescibacteria_unclassified","AB_9.5",2.969376732
"258","R76-B128_unclassified","AB_9.5",0.909403026
"259","Bacteroidetes_BD2-2_unclassified","AB_9.5",2.415863472
"260","Subgroup_22_unclassified","AB_9.5",0.752811529
"261","OM1_clade","AB_9.5",0.683308351
"262","Desulfobacteraceae","AB_9.5",6.348236043
"263","Woesearchaeota_(DHVEG-6)_unclassified","AB_9.5",1.363267152
"264","Sandaracinaceae","AB_9.5",0.992304407
"265","Archaea_unclassified","AB_9.5",0.783794874
"266","MSBL9_unclassified","AB_9.5",1.664726719
"267","Planctomycetes_unclassified","AB_9.5",0.724340348
"268","ODP1230B30.02_sediment_group","AB_9.5",0.69838133
"269","Subgroup_23_unclassified","AB_9.5",0.967182777
"270","Sva0485_unclassified","AB_9.5",1.195789615
"271","JTB255_marine_benthic_group","AB_10.5",5.47790046
"272","Flavobacteriaceae","AB_10.5",2.344195724
"273","Planctomycetaceae","AB_10.5",3.617813874
"274","Family_Incertae_Sedis, Gammaproteobacteria","AB_10.5",4.436688257
"275","BD7-8_marine_group_unclassified","AB_10.5",0.792026043
"276","Gammaproteobacteria_unclassified","AB_10.5",1.522804309
"277","Sva1033","AB_10.5",4.2034433
"278","Desulfobulbaceae","AB_10.5",12.4056113
"279","Bacteria_unclassified","AB_10.5",4.923314428
"280","Halieaceae","AB_10.5",2.218344129
"281","WCHB1-41_unclassified","AB_10.5",1.456522469
"282","Sh765B-TzT-29_unclassified","AB_10.5",1.385206564
"283","Anaerolineaceae","AB_10.5",4.778165587
"284","Phycisphaerae_unclassified","AB_10.5",2.120179884
"285","Proteobacteria_unclassified","AB_10.5",2.116823841
"286","Latescibacteria_unclassified","AB_10.5",2.035439809
"287","R76-B128_unclassified","AB_10.5",0.8281035
"288","Bacteroidetes_BD2-2_unclassified","AB_10.5",2.015303554
"289","Subgroup_22_unclassified","AB_10.5",0.833976575
"290","OM1_clade","AB_10.5",0.727422224
"291","Desulfobacteraceae","AB_10.5",6.093734269
"292","Woesearchaeota_(DHVEG-6)_unclassified","AB_10.5",1.883578884
"293","Sandaracinaceae","AB_10.5",1.115045139
"294","Archaea_unclassified","AB_10.5",1.219921469
"295","MSBL9_unclassified","AB_10.5",1.725844884
"296","Planctomycetes_unclassified","AB_10.5",0.821391415
"297","SAR324_clade(Marine_group_B)_unclassified","AB_10.5",0.70896399
"298","ODP1230B30.02_sediment_group","AB_10.5",0.819713394
"299","Subgroup_23_unclassified","AB_10.5",0.786152968
"300","Sva0485_unclassified","AB_10.5",1.041212203
"301","JTB255_marine_benthic_group","AB_11.5",3.553949787
"302","Flavobacteriaceae","AB_11.5",1.627724911
"303","Planctomycetaceae","AB_11.5",4.10280456
"304","Family_Incertae_Sedis, Gammaproteobacteria","AB_11.5",4.430191618
"305","Gammaproteobacteria_unclassified","AB_11.5",1.150878544
"306","Sva1033","AB_11.5",4.877313584
"307","Desulfobulbaceae","AB_11.5",12.21254202
"308","Bacteria_unclassified","AB_11.5",4.499688103
"309","Halieaceae","AB_11.5",1.208652731
"310","WCHB1-41_unclassified","AB_11.5",1.771323071
"311","Sh765B-TzT-29_unclassified","AB_11.5",1.23586521
"312","Anaerolineaceae","AB_11.5",7.472965449
"313","Phycisphaerae_unclassified","AB_11.5",2.471730421
"314","Lentisphaerae_unclassified","AB_11.5",0.713385609
"315","Proteobacteria_unclassified","AB_11.5",1.503803467
"316","Latescibacteria_unclassified","AB_11.5",3.080871302
"317","R76-B128_unclassified","AB_11.5",1.101896082
"318","Bacteroidetes_BD2-2_unclassified","AB_11.5",1.531015947
"319","Subgroup_22_unclassified","AB_11.5",0.890057397
"320","OM1_clade","AB_11.5",0.928154868
"321","Desulfobacteraceae","AB_11.5",8.108062848
"322","Woesearchaeota_(DHVEG-6)_unclassified","AB_11.5",1.065054571
"323","Sandaracinaceae","AB_11.5",1.05416958
"324","Archaea_unclassified","AB_11.5",0.843168202
"325","MSBL9_unclassified","AB_11.5",1.677963334
"326","Planctomycetes_unclassified","AB_11.5",0.672776217
"327","MSB-3A7_sediment_group_unclassified","AB_11.5",0.844842817
"328","Subgroup_23_unclassified","AB_11.5",1.355181465
"329","Sva0485_unclassified","AB_11.5",1.314572073
"330","Desulfarculaceae","AB_11.5",0.697058122
"331","JTB255_marine_benthic_group","AB_12.5",6.790947131
"332","Flavobacteriaceae","AB_12.5",5.801518312
"333","Planctomycetaceae","AB_12.5",4.222318664
"334","Family_Incertae_Sedis, Gammaproteobacteria","AB_12.5",4.329196409
"335","BD7-8_marine_group_unclassified","AB_12.5",1.965578889
"336","Gammaproteobacteria_unclassified","AB_12.5",2.17123758
"337","Sva1033","AB_12.5",3.190462619
"338","Desulfobulbaceae","AB_12.5",4.403039214
"339","Unknown_Family, Gammaproteobacteria","AB_12.5",4.932569859
"340","Bacteria_unclassified","AB_12.5",4.964633183
"341","Halieaceae","AB_12.5",1.751499527
"342","WCHB1-41_unclassified","AB_12.5",1.18342812
"343","OM190_unclassified","AB_12.5",0.985866228
"344","Sh765B-TzT-29_unclassified","AB_12.5",1.229094065
"345","Flammeovirgaceae","AB_12.5",1.329818243
"346","Psychromonadaceae","AB_12.5",1.019225039
"347","Anaerolineaceae","AB_12.5",5.443639803
"348","Phycisphaerae_unclassified","AB_12.5",1.016957936
"349","Alphaproteobacteria_unclassified","AB_12.5",0.711546683
"350","Proteobacteria_unclassified","AB_12.5",1.53644855
"351","Latescibacteria_unclassified","AB_12.5",1.49013486
"352","Bacteroidetes_BD2-2_unclassified","AB_12.5",1.495640683
"353","Subgroup_22_unclassified","AB_12.5",0.910727935
"354","OM1_clade","AB_12.5",1.535153062
"355","Desulfobacteraceae","AB_12.5",1.311681414
"356","Woesearchaeota_(DHVEG-6)_unclassified","AB_12.5",1.958129834
"357","Archaea_unclassified","AB_12.5",0.928540892
"358","MSBL9_unclassified","AB_12.5",1.210633364
"359","Nitrospiraceae","AB_12.5",1.154279644
"360","SAR324_clade(Marine_group_B)_unclassified","AB_12.5",1.004326929
"361","JTB255_marine_benthic_group","AB_13.5",2.694919823
"362","Flavobacteriaceae","AB_13.5",1.74357828
"363","Planctomycetaceae","AB_13.5",3.765918699
"364","Family_Incertae_Sedis, Gammaproteobacteria","AB_13.5",3.438504678
"365","Gammaproteobacteria_unclassified","AB_13.5",0.854037778
"366","Sva1033","AB_13.5",5.647563132
"367","Desulfobulbaceae","AB_13.5",10.6297789
"368","Bacteria_unclassified","AB_13.5",4.665978527
"369","Halieaceae","AB_13.5",1.236020802
"370","WCHB1-41_unclassified","AB_13.5",1.460213937
"371","Sh765B-TzT-29_unclassified","AB_13.5",1.671915372
"372","Anaerolineaceae","AB_13.5",6.326059658
"373","Phycisphaerae_unclassified","AB_13.5",3.757371746
"374","Proteobacteria_unclassified","AB_13.5",1.787627958
"375","Latescibacteria_unclassified","AB_13.5",2.182102682
"376","R76-B128_unclassified","AB_13.5",1.084805491
"377","Bacteroidetes_BD2-2_unclassified","AB_13.5",1.853373745
"378","OM1_clade","AB_13.5",1.37277204
"379","Desulfobacteraceae","AB_13.5",7.032169414
"380","Woesearchaeota_(DHVEG-6)_unclassified","AB_13.5",1.053904971
"381","Sandaracinaceae","AB_13.5",1.257716912
"382","Archaea_unclassified","AB_13.5",1.435887995
"383","MSBL9_unclassified","AB_13.5",2.674538629
"384","Planctomycetes_unclassified","AB_13.5",0.804070979
"385","vadinHA49_unclassified","AB_13.5",0.949369169
"386","Spirochaetaceae","AB_13.5",0.844175909
"387","ODP1230B30.02_sediment_group","AB_13.5",0.769225712
"388","Subgroup_23_unclassified","AB_13.5",1.818528478
"389","Sva0485_unclassified","AB_13.5",0.946739338
"390","Phycisphaerales_unclassified","AB_13.5",1.051932597
"391","JTB255_marine_benthic_group","AB_14.5",4.784428897
"392","Flavobacteriaceae","AB_14.5",1.376661701
"393","Planctomycetaceae","AB_14.5",3.028655743
"394","Family_Incertae_Sedis, Gammaproteobacteria","AB_14.5",3.534843661
"395","Gammaproteobacteria_unclassified","AB_14.5",0.865531921
"396","Sva1033","AB_14.5",3.493190819
"397","Desulfobulbaceae","AB_14.5",9.013251251
"398","Bacteria_unclassified","AB_14.5",4.797842524
"399","WCHB1-41_unclassified","AB_14.5",1.488912578
"400","Sh765B-TzT-29_unclassified","AB_14.5",1.885673541
"401","Anaerolineaceae","AB_14.5",6.463250192
"402","Phycisphaerae_unclassified","AB_14.5",2.65095625
"403","Proteobacteria_unclassified","AB_14.5",1.608223259
"404","Latescibacteria_unclassified","AB_14.5",3.026537802
"405","R76-B128_unclassified","AB_14.5",1.008845934
"406","Bacteroidetes_BD2-2_unclassified","AB_14.5",1.711296392
"407","Subgroup_22_unclassified","AB_14.5",0.852824274
"408","OM1_clade","AB_14.5",1.137334359
"409","Desulfobacteraceae","AB_14.5",8.50070951
"410","Woesearchaeota_(DHVEG-6)_unclassified","AB_14.5",0.879651528
"411","Sandaracinaceae","AB_14.5",1.410548759
"412","Archaea_unclassified","AB_14.5",1.505856107
"413","MSBL9_unclassified","AB_14.5",2.740615756
"414","Planctomycetes_unclassified","AB_14.5",0.960133289
"415","vadinHA49_unclassified","AB_14.5",1.051204755
"416","SAR324_clade(Marine_group_B)_unclassified","AB_14.5",0.868355842
"417","ODP1230B30.02_sediment_group","AB_14.5",0.969311034
"418","Subgroup_23_unclassified","AB_14.5",2.817567615
"419","Sva0485_unclassified","AB_14.5",1.110507106
"420","Desulfarculaceae","AB_14.5",0.786462121
"421","JTB255_marine_benthic_group","AC_0.5",2.156696365
"422","Flavobacteriaceae","AC_0.5",10.30618017
"423","Family_Incertae_Sedis, Gammaproteobacteria","AC_0.5",2.064771602
"424","BD7-8_marine_group_unclassified","AC_0.5",2.566822232
"425","Gammaproteobacteria_unclassified","AC_0.5",4.352283977
"426","Sva1033","AC_0.5",1.672323575
"427","Desulfobulbaceae","AC_0.5",1.064205911
"428","Unknown_Family, Gammaproteobacteria","AC_0.5",1.053599208
"429","Bacteria_unclassified","AC_0.5",3.532032244
"430","Halieaceae","AC_0.5",1.870315373
"431","Verrucomicrobiaceae","AC_0.5",2.40772168
"432","Flammeovirgaceae","AC_0.5",1.1313817
"433","Colwelliaceae","AC_0.5",1.092490454
"434","Rhodobacteraceae","AC_0.5",4.341677273
"435","Puniceicoccaceae","AC_0.5",1.55211427
"436","Psychromonadaceae","AC_0.5",1.421298261
"437","Anaerolineaceae","AC_0.5",0.929854335
"438","Alphaproteobacteria_unclassified","AC_0.5",2.298119078
"439","Proteobacteria_unclassified","AC_0.5",0.93692547
"440","Unknown_Family","AC_0.5",1.576863244
"441","Oceanospirillaceae","AC_0.5",3.595672465
"442","Piscirickettsiaceae","AC_0.5",4.07297412
"443","Cryomorphaceae","AC_0.5",2.623391317
"444","Sva0996_marine_group","AC_0.5",1.138452836
"445","Acidimicrobiaceae","AC_0.5",1.088954886
"446","Hydrogenophilaceae","AC_0.5",1.110168293
"447","Porticoccaceae","AC_0.5",1.096026022
"448","Methylophilaceae","AC_0.5",1.011172394
"449","NS9_marine_group","AC_0.5",1.849101966
"450","ZD0405","AC_0.5",1.343515769
"451","JTB255_marine_benthic_group","AC_1.5",2.899284318
"452","Flavobacteriaceae","AC_1.5",13.71324925
"453","Planctomycetaceae","AC_1.5",1.233109771
"454","Family_Incertae_Sedis, Gammaproteobacteria","AC_1.5",2.536522265
"455","BD7-8_marine_group_unclassified","AC_1.5",2.206099464
"456","Gammaproteobacteria_unclassified","AC_1.5",2.970993096
"457","Sva1033","AC_1.5",3.508105904
"458","Desulfobulbaceae","AC_1.5",2.473249814
"459","Unknown_Family, Gammaproteobacteria","AC_1.5",2.782581797
"460","Bacteria_unclassified","AC_1.5",3.946794899
"461","WCHB1-41_unclassified","AC_1.5",2.310147495
"462","Verrucomicrobiaceae","AC_1.5",1.197958409
"463","Flammeovirgaceae","AC_1.5",1.33996991
"464","Colwelliaceae","AC_1.5",1.625398968
"465","Rhodobacteraceae","AC_1.5",1.763192306
"466","Puniceicoccaceae","AC_1.5",1.347000183
"467","Spongiibacteraceae","AC_1.5",1.051728744
"468","Psychromonadaceae","AC_1.5",2.758678871
"469","Anaerolineaceae","AC_1.5",1.048916635
"470","Alcanivoracaceae","AC_1.5",0.935026223
"471","Phycisphaerae_unclassified","AC_1.5",1.697107746
"472","Saprospiraceae","AC_1.5",0.972989694
"473","Alphaproteobacteria_unclassified","AC_1.5",2.447940833
"474","Lentisphaerae_unclassified","AC_1.5",0.918153569
"475","R76-B128_unclassified","AC_1.5",1.508696447
"476","Bacteroidetes_BD2-2_unclassified","AC_1.5",1.213425008
"477","Piscirickettsiaceae","AC_1.5",3.818843942
"478","Marinilabiaceae","AC_1.5",4.58233152
"479","Alteromonadaceae","AC_1.5",0.909717242
"480","Family_XII","AC_1.5",0.998298674
"481","JTB255_marine_benthic_group","AC_2.5",6.029203957
"482","Flavobacteriaceae","AC_2.5",8.548135802
"483","Planctomycetaceae","AC_2.5",3.530562702
"484","Family_Incertae_Sedis, Gammaproteobacteria","AC_2.5",5.265408167
"485","BD7-8_marine_group_unclassified","AC_2.5",2.204427697
"486","Gammaproteobacteria_unclassified","AC_2.5",2.187035762
"487","Sva1033","AC_2.5",6.083553752
"488","Desulfobulbaceae","AC_2.5",6.674879525
"489","Unknown_Family, Gammaproteobacteria","AC_2.5",2.257328164
"490","Bacteria_unclassified","AC_2.5",3.646508931
"491","Halieaceae","AC_2.5",2.197181057
"492","WCHB1-41_unclassified","AC_2.5",4.068263343
"493","Verrucomicrobiaceae","AC_2.5",1.250769955
"494","OM190_unclassified","AC_2.5",0.968875684
"495","Sh765B-TzT-29_unclassified","AC_2.5",0.99568825
"496","Flammeovirgaceae","AC_2.5",1.56454944
"497","Colwelliaceae","AC_2.5",0.717417298
"498","Psychromonadaceae","AC_2.5",1.052212037
"499","Anaerolineaceae","AC_2.5",0.936265807
"500","Phycisphaerae_unclassified","AC_2.5",2.350085148
"501","Lentisphaerae_unclassified","AC_2.5",1.409471358
"502","Proteobacteria_unclassified","AC_2.5",0.852929454
"503","Latescibacteria_unclassified","AC_2.5",1.388456103
"504","R76-B128_unclassified","AC_2.5",1.543534186
"505","Desulfuromonadales_unclassified","AC_2.5",1.283379833
"506","Bacteroidetes_BD2-2_unclassified","AC_2.5",2.192833074
"507","Desulfobacteraceae","AC_2.5",1.716728867
"508","Woesearchaeota_(DHVEG-6)_unclassified","AC_2.5",0.827566216
"509","MSBL9_unclassified","AC_2.5",0.721040617
"510","Draconibacteriaceae","AC_2.5",1.297873111
"511","JTB255_marine_benthic_group","AC_3.5",6.078044704
"512","Flavobacteriaceae","AC_3.5",7.01859848
"513","Planctomycetaceae","AC_3.5",2.842920922
"514","Family_Incertae_Sedis, Gammaproteobacteria","AC_3.5",5.613265987
"515","BD7-8_marine_group_unclassified","AC_3.5",2.675776525
"516","Gammaproteobacteria_unclassified","AC_3.5",5.736425016
"517","Sva1033","AC_3.5",4.356017565
"518","Desulfobulbaceae","AC_3.5",2.631058068
"519","Unknown_Family, Gammaproteobacteria","AC_3.5",2.057782111
"520","Bacteria_unclassified","AC_3.5",3.386140211
"521","Halieaceae","AC_3.5",1.179540939
"522","WCHB1-41_unclassified","AC_3.5",2.802601001
"523","Verrucomicrobiaceae","AC_3.5",1.390670704
"524","OM190_unclassified","AC_3.5",0.918561092
"525","Flammeovirgaceae","AC_3.5",0.905365482
"526","Rhodobacteraceae","AC_3.5",2.175809514
"527","Puniceicoccaceae","AC_3.5",0.847451414
"528","Psychromonadaceae","AC_3.5",2.146485936
"529","Anaerolineaceae","AC_3.5",2.724893519
"530","Saprospiraceae","AC_3.5",0.801266779
"531","Alphaproteobacteria_unclassified","AC_3.5",1.919961293
"532","Lentisphaerae_unclassified","AC_3.5",1.130423946
"533","Proteobacteria_unclassified","AC_3.5",1.021193616
"534","Latescibacteria_unclassified","AC_3.5",0.961080281
"535","Unknown_Family","AC_3.5",1.107698172
"536","Bacteroidetes_BD2-2_unclassified","AC_3.5",0.900233856
"537","Subgroup_22_unclassified","AC_3.5",1.342286799
"538","OM1_clade","AC_3.5",1.277041837
"539","Piscirickettsiaceae","AC_3.5",0.89363605
"540","Sva0996_marine_group","AC_3.5",1.39506924
"541","JTB255_marine_benthic_group","AC_4.5",5.789675877
"542","Flavobacteriaceae","AC_4.5",5.603636191
"543","Planctomycetaceae","AC_4.5",1.85478545
"544","Family_Incertae_Sedis, Gammaproteobacteria","AC_4.5",3.724246885
"545","BD7-8_marine_group_unclassified","AC_4.5",3.410008158
"546","Gammaproteobacteria_unclassified","AC_4.5",6.88433166
"547","Sva1033","AC_4.5",4.07042746
"548","Desulfobulbaceae","AC_4.5",3.64352897
"549","Unknown_Family, Gammaproteobacteria","AC_4.5",1.591049376
"550","Bacteria_unclassified","AC_4.5",3.86453203
"551","Halieaceae","AC_4.5",1.121417873
"552","WCHB1-41_unclassified","AC_4.5",2.451321054
"553","Verrucomicrobiaceae","AC_4.5",1.4291819
"554","OM190_unclassified","AC_4.5",0.839984288
"555","Rhodobacteraceae","AC_4.5",1.805146091
"556","Puniceicoccaceae","AC_4.5",0.876674249
"557","Psychromonadaceae","AC_4.5",2.729733113
"558","Anaerolineaceae","AC_4.5",3.315909199
"559","Phycisphaerae_unclassified","AC_4.5",1.406736277
"560","Alphaproteobacteria_unclassified","AC_4.5",2.213483777
"561","Lentisphaerae_unclassified","AC_4.5",1.001420117
"562","Proteobacteria_unclassified","AC_4.5",1.664429298
"563","Latescibacteria_unclassified","AC_4.5",1.153791368
"564","Unknown_Family","AC_4.5",1.817232196
"565","R76-B128_unclassified","AC_4.5",0.945737706
"566","Bacteroidetes_BD2-2_unclassified","AC_4.5",0.978974494
"567","Subgroup_22_unclassified","AC_4.5",1.022570801
"568","OM1_clade","AC_4.5",1.046311364
"569","Piscirickettsiaceae","AC_4.5",1.010053049
"570","Sva0996_marine_group","AC_4.5",0.918112323
"571","JTB255_marine_benthic_group","AC_6.5",5.456011741
"572","Flavobacteriaceae","AC_6.5",7.170594486
"573","Planctomycetaceae","AC_6.5",1.757007774
"574","Family_Incertae_Sedis, Gammaproteobacteria","AC_6.5",3.288130929
"575","BD7-8_marine_group_unclassified","AC_6.5",3.227742148
"576","Gammaproteobacteria_unclassified","AC_6.5",7.054403412
"577","Sva1033","AC_6.5",4.943089307
"578","Desulfobulbaceae","AC_6.5",3.212836056
"579","Unknown_Family, Gammaproteobacteria","AC_6.5",0.873344086
"580","Bacteria_unclassified","AC_6.5",3.958905052
"581","Halieaceae","AC_6.5",0.895894327
"582","WCHB1-41_unclassified","AC_6.5",2.089910487
"583","Verrucomicrobiaceae","AC_6.5",1.646549813
"584","Flammeovirgaceae","AC_6.5",0.807986607
"585","Colwelliaceae","AC_6.5",0.750273278
"586","Rhodobacteraceae","AC_6.5",1.578134675
"587","Puniceicoccaceae","AC_6.5",0.910418211
"588","Psychromonadaceae","AC_6.5",1.878931959
"589","Anaerolineaceae","AC_6.5",4.231418983
"590","Alphaproteobacteria_unclassified","AC_6.5",2.701824658
"591","Lentisphaerae_unclassified","AC_6.5",0.833976716
"592","Proteobacteria_unclassified","AC_6.5",2.152974721
"593","Latescibacteria_unclassified","AC_6.5",1.186754218
"594","Unknown_Family","AC_6.5",2.336052103
"595","R76-B128_unclassified","AC_6.5",1.171083711
"596","Bacteroidetes_BD2-2_unclassified","AC_6.5",1.292625689
"597","Subgroup_22_unclassified","AC_6.5",0.860349032
"598","OM1_clade","AC_6.5",0.973482445
"599","Piscirickettsiaceae","AC_6.5",1.905304275
"600","Marinilabiaceae","AC_6.5",0.97577569
"601","JTB255_marine_benthic_group","AC_7.5",4.20697088
"602","Flavobacteriaceae","AC_7.5",7.648091754
"603","Planctomycetaceae","AC_7.5",1.382290432
"604","Family_Incertae_Sedis, Gammaproteobacteria","AC_7.5",2.336832987
"605","BD7-8_marine_group_unclassified","AC_7.5",3.96220777
"606","Gammaproteobacteria_unclassified","AC_7.5",7.796494079
"607","Sva1033","AC_7.5",2.577902827
"608","Desulfobulbaceae","AC_7.5",1.923186688
"609","Unknown_Family, Gammaproteobacteria","AC_7.5",1.321183592
"610","Bacteria_unclassified","AC_7.5",4.874781342
"611","WCHB1-41_unclassified","AC_7.5",1.551173621
"612","Verrucomicrobiaceae","AC_7.5",1.453469828
"613","Flammeovirgaceae","AC_7.5",1.279550361
"614","Colwelliaceae","AC_7.5",1.321855096
"615","Rhodobacteraceae","AC_7.5",2.012832436
"616","Puniceicoccaceae","AC_7.5",1.079106497
"617","Spongiibacteraceae","AC_7.5",0.798082185
"618","Psychromonadaceae","AC_7.5",3.123835361
"619","Anaerolineaceae","AC_7.5",2.943536609
"620","Saprospiraceae","AC_7.5",0.819906057
"621","Alphaproteobacteria_unclassified","AC_7.5",3.612690078
"622","Lentisphaerae_unclassified","AC_7.5",0.823599327
"623","Proteobacteria_unclassified","AC_7.5",2.202196489
"624","Latescibacteria_unclassified","AC_7.5",1.017328154
"625","Unknown_Family","AC_7.5",3.081530626
"626","R76-B128_unclassified","AC_7.5",1.100594617
"627","Bacteroidetes_BD2-2_unclassified","AC_7.5",0.99684729
"628","Oceanospirillaceae","AC_7.5",0.897464738
"629","Piscirickettsiaceae","AC_7.5",3.165804344
"630","Marinilabiaceae","AC_7.5",1.228851829
"631","JTB255_marine_benthic_group","AC_8.5",6.477231485
"632","Flavobacteriaceae","AC_8.5",5.251809312
"633","Planctomycetaceae","AC_8.5",3.729638565
"634","Family_Incertae_Sedis, Gammaproteobacteria","AC_8.5",4.574197818
"635","BD7-8_marine_group_unclassified","AC_8.5",2.843662603
"636","Gammaproteobacteria_unclassified","AC_8.5",6.648875985
"637","Sva1033","AC_8.5",3.573365214
"638","Desulfobulbaceae","AC_8.5",3.30949382
"639","Unknown_Family, Gammaproteobacteria","AC_8.5",2.338122585
"640","Bacteria_unclassified","AC_8.5",4.841912
"641","Halieaceae","AC_8.5",0.94959544
"642","WCHB1-41_unclassified","AC_8.5",1.279221195
"643","Verrucomicrobiaceae","AC_8.5",0.767703508
"644","OM190_unclassified","AC_8.5",0.974360069
"645","Flammeovirgaceae","AC_8.5",0.985461455
"646","Rhodobacteraceae","AC_8.5",1.368886232
"647","Psychromonadaceae","AC_8.5",1.733951026
"648","Anaerolineaceae","AC_8.5",4.815012489
"649","Alphaproteobacteria_unclassified","AC_8.5",1.856493243
"650","Proteobacteria_unclassified","AC_8.5",2.294570995
"651","Latescibacteria_unclassified","AC_8.5",1.278367242
"652","Unknown_Family","AC_8.5",1.694242224
"653","R76-B128_unclassified","AC_8.5",0.711342627
"654","Bacteroidetes_BD2-2_unclassified","AC_8.5",1.183578489
"655","Subgroup_22_unclassified","AC_8.5",1.100318097
"656","OM1_clade","AC_8.5",1.069148823
"657","Desulfobacteraceae","AC_8.5",0.798872782
"658","Sva0996_marine_group","AC_8.5",0.758737004
"659","Nitrospiraceae","AC_8.5",0.791187208
"660","SAR324_clade(Marine_group_B)_unclassified","AC_8.5",0.802288593
"661","JTB255_marine_benthic_group","AC_10.5",5.915669053
"662","Flavobacteriaceae","AC_10.5",6.62957522
"663","Planctomycetaceae","AC_10.5",2.46303879
"664","Family_Incertae_Sedis, Gammaproteobacteria","AC_10.5",4.26655831
"665","BD7-8_marine_group_unclassified","AC_10.5",2.20735786
"666","Gammaproteobacteria_unclassified","AC_10.5",3.372612759
"667","Sva1033","AC_10.5",4.988591254
"668","Desulfobulbaceae","AC_10.5",5.195511518
"669","Unknown_Family, Gammaproteobacteria","AC_10.5",1.302784984
"670","Bacteria_unclassified","AC_10.5",4.764167162
"671","Halieaceae","AC_10.5",0.680148783
"672","WCHB1-41_unclassified","AC_10.5",1.557215641
"673","Verrucomicrobiaceae","AC_10.5",1.066483293
"674","Flammeovirgaceae","AC_10.5",0.788922577
"675","Rhodobacteraceae","AC_10.5",0.919576157
"676","Psychromonadaceae","AC_10.5",2.598068327
"677","Anaerolineaceae","AC_10.5",6.791485637
"678","Phycisphaerae_unclassified","AC_10.5",1.270277873
"679","Alphaproteobacteria_unclassified","AC_10.5",1.816647392
"680","Proteobacteria_unclassified","AC_10.5",1.565967555
"681","Latescibacteria_unclassified","AC_10.5",1.555340231
"682","Unknown_Family","AC_10.5",0.772669021
"683","R76-B128_unclassified","AC_10.5",0.805176132
"684","Bacteroidetes_BD2-2_unclassified","AC_10.5",1.712874691
"685","Subgroup_22_unclassified","AC_10.5",0.787047167
"686","OM1_clade","AC_10.5",1.127121558
"687","Desulfobacteraceae","AC_10.5",1.687869221
"688","MSBL9_unclassified","AC_10.5",0.803300722
"689","Nitrospiraceae","AC_10.5",0.99396743
"690","Spirochaetaceae","AC_10.5",0.753914919
"691","JTB255_marine_benthic_group","AC_11.5",4.364814148
"692","Flavobacteriaceae","AC_11.5",1.691429747
"693","Planctomycetaceae","AC_11.5",2.920158347
"694","Family_Incertae_Sedis, Gammaproteobacteria","AC_11.5",3.624492314
"695","Gammaproteobacteria_unclassified","AC_11.5",1.167035114
"696","Sva1033","AC_11.5",5.603824996
"697","Desulfobulbaceae","AC_11.5",11.69091563
"698","Bacteria_unclassified","AC_11.5",5.326204308
"699","Halieaceae","AC_11.5",1.418950183
"700","WCHB1-41_unclassified","AC_11.5",1.280139839
"701","Sh765B-TzT-29_unclassified","AC_11.5",1.542337155
"702","Anaerolineaceae","AC_11.5",6.364711326
"703","Phycisphaerae_unclassified","AC_11.5",1.999897178
"704","Proteobacteria_unclassified","AC_11.5",2.102719655
"705","Latescibacteria_unclassified","AC_11.5",2.426610457
"706","Bacteroidetes_BD2-2_unclassified","AC_11.5",1.706853118
"707","Subgroup_22_unclassified","AC_11.5",0.889414426
"708","Desulfobacteraceae","AC_11.5",7.428923963
"709","Woesearchaeota_(DHVEG-6)_unclassified","AC_11.5",1.439514678
"710","Sandaracinaceae","AC_11.5",0.997378027
"711","Archaea_unclassified","AC_11.5",1.053930389
"712","MSBL9_unclassified","AC_11.5",2.231247751
"713","Planctomycetes_unclassified","AC_11.5",0.909978921
"714","vadinHA49_unclassified","AC_11.5",0.771168577
"715","Helicobacteraceae","AC_11.5",1.002519151
"716","Spirochaetaceae","AC_11.5",0.724898463
"717","SAR324_clade(Marine_group_B)_unclassified","AC_11.5",0.802015321
"718","Subgroup_23_unclassified","AC_11.5",1.043648141
"719","Sva0485_unclassified","AC_11.5",1.223587476
"720","Phycisphaerales_unclassified","AC_11.5",0.740321834
"721","JTB255_marine_benthic_group","AC_12.5",3.801009963
"722","Flavobacteriaceae","AC_12.5",1.41940767
"723","Planctomycetaceae","AC_12.5",3.412037669
"724","Family_Incertae_Sedis, Gammaproteobacteria","AC_12.5",4.183158182
"725","Gammaproteobacteria_unclassified","AC_12.5",1.426231746
"726","Sva1033","AC_12.5",6.148491879
"727","Desulfobulbaceae","AC_12.5",13.82557663
"728","Bacteria_unclassified","AC_12.5",4.954278695
"729","Halieaceae","AC_12.5",1.30339839
"730","WCHB1-41_unclassified","AC_12.5",1.446703972
"731","OM190_unclassified","AC_12.5",0.61416678
"732","Sh765B-TzT-29_unclassified","AC_12.5",1.044083527
"733","Anaerolineaceae","AC_12.5",8.59151085
"734","Phycisphaerae_unclassified","AC_12.5",1.883444793
"735","Proteobacteria_unclassified","AC_12.5",1.733315136
"736","Latescibacteria_unclassified","AC_12.5",2.599972704
"737","R76-B128_unclassified","AC_12.5",0.648287157
"738","Bacteroidetes_BD2-2_unclassified","AC_12.5",1.357990992
"739","Subgroup_22_unclassified","AC_12.5",0.689231609
"740","OM1_clade","AC_12.5",1.276102088
"741","Desulfobacteraceae","AC_12.5",7.868158864
"742","Woesearchaeota_(DHVEG-6)_unclassified","AC_12.5",0.757472362
"743","Sandaracinaceae","AC_12.5",1.433055821
"744","Archaea_unclassified","AC_12.5",0.846185342
"745","MSBL9_unclassified","AC_12.5",1.760611437
"746","Planctomycetes_unclassified","AC_12.5",0.682407534
"747","SAR324_clade(Marine_group_B)_unclassified","AC_12.5",0.60051863
"748","MSB-3A7_sediment_group_unclassified","AC_12.5",0.580046404
"749","Subgroup_23_unclassified","AC_12.5",1.71284291
"750","Sva0485_unclassified","AC_12.5",0.866657568
"751","JTB255_marine_benthic_group","AC_13.5",8.787385289
"752","Flavobacteriaceae","AC_13.5",2.49307747
"753","Planctomycetaceae","AC_13.5",4.218273547
"754","Family_Incertae_Sedis, Gammaproteobacteria","AC_13.5",3.175907178
"755","BD7-8_marine_group_unclassified","AC_13.5",1.60100129
"756","Gammaproteobacteria_unclassified","AC_13.5",2.390145603
"757","Sva1033","AC_13.5",3.728259872
"758","Desulfobulbaceae","AC_13.5",6.682839373
"759","Unknown_Family, Gammaproteobacteria","AC_13.5",1.037533888
"760","Bacteria_unclassified","AC_13.5",6.64079678
"761","Halieaceae","AC_13.5",0.851966579
"762","WCHB1-41_unclassified","AC_13.5",1.029801917
"763","OM190_unclassified","AC_13.5",1.002256769
"764","Sh765B-TzT-29_unclassified","AC_13.5",1.106638381
"765","Flammeovirgaceae","AC_13.5",0.721972812
"766","Psychromonadaceae","AC_13.5",0.856315812
"767","Anaerolineaceae","AC_13.5",11.03303968
"768","Phycisphaerae_unclassified","AC_13.5",0.995974542
"769","Proteobacteria_unclassified","AC_13.5",2.212310265
"770","Latescibacteria_unclassified","AC_13.5",2.148038254
"771","Bacteroidetes_BD2-2_unclassified","AC_13.5",0.868880266
"772","Subgroup_22_unclassified","AC_13.5",1.387888834
"773","OM1_clade","AC_13.5",1.6251637
"774","Desulfobacteraceae","AC_13.5",2.120009858
"775","Woesearchaeota_(DHVEG-6)_unclassified","AC_13.5",0.897875158
"776","MSBL9_unclassified","AC_13.5",1.472457269
"777","vadinHA49_unclassified","AC_13.5",0.673647992
"778","Nitrospiraceae","AC_13.5",0.9133391
"779","SAR324_clade(Marine_group_B)_unclassified","AC_13.5",1.60631702
"780","Unknown_Family","AC_13.5",0.922037568
"781","JTB255_marine_benthic_group","AC_15.5",6.582930309
"782","Flavobacteriaceae","AC_15.5",4.022128666
"783","Planctomycetaceae","AC_15.5",1.304756272
"784","Family_Incertae_Sedis, Gammaproteobacteria","AC_15.5",3.357572805
"785","Gammaproteobacteria_unclassified","AC_15.5",1.82665878
"786","Sva1033","AC_15.5",6.69426951
"787","Desulfobulbaceae","AC_15.5",8.691416443
"788","Bacteria_unclassified","AC_15.5",5.264256637
"789","WCHB1-41_unclassified","AC_15.5",1.593542326
"790","Sh765B-TzT-29_unclassified","AC_15.5",0.61236561
"791","Psychromonadaceae","AC_15.5",0.821126614
"792","Anaerolineaceae","AC_15.5",8.635746842
"793","Phycisphaerae_unclassified","AC_15.5",1.555269476
"794","Proteobacteria_unclassified","AC_15.5",1.986708883
"795","Latescibacteria_unclassified","AC_15.5",2.797397446
"796","R76-B128_unclassified","AC_15.5",0.668035211
"797","Desulfuromonadales_unclassified","AC_15.5",0.678473261
"798","Bacteroidetes_BD2-2_unclassified","AC_15.5",1.631815177
"799","Subgroup_22_unclassified","AC_15.5",1.245607321
"800","OM1_clade","AC_15.5",0.925507115
"801","Desulfobacteraceae","AC_15.5",7.24748617
"802","Woesearchaeota_(DHVEG-6)_unclassified","AC_15.5",1.426533524
"803","Archaea_unclassified","AC_15.5",0.737622212
"804","MSBL9_unclassified","AC_15.5",1.784906579
"805","vadinHA49_unclassified","AC_15.5",1.301276921
"806","Spirochaetaceae","AC_15.5",0.650638461
"807","SAR324_clade(Marine_group_B)_unclassified","AC_15.5",1.781427229
"808","Unknown_Family","AC_15.5",0.831564664
"809","Subgroup_23_unclassified","AC_15.5",0.713266762
"810","Marine_Benthic_Group_B_unclassified","AC_15.5",0.650638461
"811","JTB255_marine_benthic_group","AC_16.5",7.598896044
"812","Flavobacteriaceae","AC_16.5",3.394664213
"813","Planctomycetaceae","AC_16.5",1.789328427
"814","Family_Incertae_Sedis, Gammaproteobacteria","AC_16.5",3.357865685
"815","BD7-8_marine_group_unclassified","AC_16.5",0.662373505
"816","Gammaproteobacteria_unclassified","AC_16.5",2.405703772
"817","Sva1033","AC_16.5",5.896964121
"818","Desulfobulbaceae","AC_16.5",7.948482061
"819","Bacteria_unclassified","AC_16.5",5.703771849
"820","WCHB1-41_unclassified","AC_16.5",1.246550138
"821","Sh765B-TzT-29_unclassified","AC_16.5",0.625574977
"822","Anaerolineaceae","AC_16.5",9.95400184
"823","Phycisphaerae_unclassified","AC_16.5",2.345906164
"824","Proteobacteria_unclassified","AC_16.5",2.378104876
"825","Latescibacteria_unclassified","AC_16.5",2.037718491
"826","R76-B128_unclassified","AC_16.5",0.745170193
"827","Desulfuromonadales_unclassified","AC_16.5",0.772769089
"828","Bacteroidetes_BD2-2_unclassified","AC_16.5",1.545538178
"829","Subgroup_22_unclassified","AC_16.5",1.108555658
"830","OM1_clade","AC_16.5",1.011959522
"831","Desulfobacteraceae","AC_16.5",4.590616375
"832","Woesearchaeota_(DHVEG-6)_unclassified","AC_16.5",1.27874885
"833","Archaea_unclassified","AC_16.5",0.689972401
"834","MSBL9_unclassified","AC_16.5",2.336706532
"835","Planctomycetes_unclassified","AC_16.5",0.671573137
"836","vadinHA49_unclassified","AC_16.5",1.23275069
"837","Nitrospiraceae","AC_16.5",0.712971481
"838","Spirochaetaceae","AC_16.5",0.680772769
"839","SAR324_clade(Marine_group_B)_unclassified","AC_16.5",1.655933763
"840","Unknown_Family","AC_16.5",0.795768169
